accuracy,precision,recall,f1_score
0.458128078817734,0.17094017094017094,0.6060606060606061,0.26666666666666666
