accuracy,precision,recall,f1_score
0.6305418719211823,0.27906976744186046,0.6486486486486487,0.3902439024390244
