accuracy,precision,recall,f1_score
0.7980295566502463,0.4166666666666667,0.2702702702702703,0.32786885245901637
