fpr,tpr
0.0,0.0
0.006024096385542169,0.0
0.030120481927710843,0.05405405405405406
0.18072289156626506,0.35135135135135137
0.35542168674698793,0.5945945945945946
1.0,1.0
