accuracy,precision,recall,f1_score
0.8226600985221675,0.6666666666666666,0.05405405405405406,0.1
